model,n_total,n_success,n_error,coverage,error_rate,score_mean,score_all,f1_mean,rouge_l_mean,latency_mean
qwen3_14b_thinking,300,300,0,1.0,0.0,0.3802,0.3802,0.7074,0.0655,22.0791
qwen35_122b_a10b,300,300,0,1.0,0.0,0.3782,0.3782,0.7139,0.052,17.2388
seed_oss_36b,300,300,0,1.0,0.0,0.3604,0.3604,0.6805,0.0909,29.0188
qwen35_27b,300,300,0,1.0,0.0,0.358,0.358,0.6555,0.071,4.8079
qwen35_35b_a3b,300,300,0,1.0,0.0,0.344,0.344,0.6179,0.062,35.2893
qwen35_9b,300,300,0,1.0,0.0,0.3133,0.3133,0.592,0.058,3.4433
qwen3_14b_no_thinking,300,300,0,1.0,0.0,0.3122,0.3122,0.5959,0.1461,3.4914
hunyuan_a13b,300,300,0,1.0,0.0,0.2456,0.2456,0.5313,0.0595,2.4015
qwen3_8b,300,300,0,1.0,0.0,0.2242,0.2242,0.4121,0.116,5.0825
